	Spearman coef	Spearman pvalue	HRD_cutoff	HRD_AUC	HRD_95%CI	Sig3_cutoff	Sig3_AUC	Sig3_95%CI
Female TP53m	0.473	8.75e-107	44.0	0.876	(0.845, 0.907)	0.24886	0.815	(0.78, 0.851)
Male TP53m	0.126	9.30e-08	30.0	0.73	(0.652, 0.808)	0.131	0.641	(0.56, 0.722)
Female TP53wt	0.117	1.44e-10	18.0	0.874	(0.829, 0.918)	0.1783	0.64	(0.581, 0.699)
Male TP53wt	0.044	2.06e-02	17.0	0.826	(0.773, 0.879)	0.06057	0.639	(0.577, 0.702)
