	Spearman coef	Spearman pvalue	HRD_cutoff	HRD_AUC	HRD_95%CI	Sig3_cutoff	Sig3_AUC	Sig3_95%CI
Female TP53m	0.481	5.30e-111	44.0	0.876	(0.845, 0.907)	0.2488629617035075	0.819	(0.784, 0.855)
Male TP53m	0.122	2.19e-07	30.0	0.73	(0.652, 0.808)	0.13099881723889212	0.629	(0.548, 0.71)
Female TP53wt	0.109	1.96e-09	18.0	0.874	(0.829, 0.918)	0.17830436466476912	0.631	(0.572, 0.69)
Male TP53wt	0.025	1.79e-01	17.0	0.826	(0.773, 0.879)	0.060565038454364076	0.621	(0.559, 0.684)
