	coef	p-value	cutoff1	AUC1	95%CI1	cutoff2	AUC2	95%CI2
Female_TP53m	0.613	2.18e-08	58	0.806	(0.627, 0.984)	0.11885096	0.724	(0.526, 0.922)
Male_TP53m	0.298	4.31e-03	39	0.69	(0.465, 0.915)	0.175539373	0.599	(0.369, 0.829)
Female_TP53wt	0.344	4.49e-07	56	0.702	(0.575, 0.829)	0.248618376	0.624	(0.493, 0.755)
Male_TP53wt	0.038	5.60e-01	42	0.712	(0.578, 0.847)	0.164776104	0.642	(0.503, 0.781)
